<?xml version="1.0"?>
<pagescount>
	<html_total>73</html_total>
	<html_done>73</html_done>
	<images>288</images>
	<script>10</script>
	<css>8</css>
	<pdf/>
	<documents/>
	<excel/>
	<powerpoint/>
	<flash/>
	<audios/>
	<videos/>
	<xml/>
	<json>1</json>
	<txt/>
	<autocad/>
	<model_3d/>
	<fonts>2</fonts>
	<scraping_reload>1</scraping_reload>
	<is_pretty_url>false</is_pretty_url>
	<has_trailing_slash>false</has_trailing_slash>
	<is_ebn>false</is_ebn>
	<email>itoro@mail.com1</email>
	<theme_name>WmdTheme936534</theme_name>
	<server_url_front_page>https://www6.waybackmachinedownloader.com/wdo/files/demo/cartzilla-html.createx.studio_itoro_mail.com1_kiwh0ehrwl/</server_url_front_page>
	<no_www_url>cartzilla-html.createx.studio</no_www_url>
	<hosted_domain/>
	<original_archive_url>https://cartzilla-html.createx.studio/account-marketplace-dashboard.html</original_archive_url>
	<final_archive_url>https://cartzilla-html.createx.studio/account-marketplace-dashboard.html</final_archive_url>
	<front_page_code_date/>
	<total_urls_from_api/>
	<max_reached_live>false</max_reached_live>
	<scrape_other_captures>false</scrape_other_captures>
	<total_size>15600</total_size>
</pagescount>
